S.NO,DISTRICT,PLACE,WHY VISIT?,TIMING TO VISIT
01,Thiruvananthapuram,Sree Padmanabhaswamy Temple,"Famous Lord Vishnu temple, rich history, architecture","Morning: ~3:30 AM � 12:00 PM;
Evening: ~5:00 PM
� 7:30 PM"
02,Thiruvananthapuram,Attukal Bhagavathy Temple,Renowned Devi temple with distinctive rituals,"4:30 AM � 12:30 PM & 5:00 PM �
8:30 PM"
03,Thiruvananthapuram,Thirichittoor Rock,"Scenic rock formation
,temples with views","6:00 AM � 9:00 AM
& 5:30 PM � 8:00 PM"
04,Thiruvananthapuram,Napier Museum,"Architectural Beauty, Diverse & Rare
Collections, Natural History & Art","10:00 AM to 4:45
PM       Closed on Mondays. On Wednesdays, it opens at 1:00 PM instead of morning."
05,Thiruvananthapuram,Thiruvananthapuram Zoo,"Pleasant Ambience, Variety of animals,
birds, reptiles. There is a reptile house / snake farm, species like Nilgiri
langur, lions, tigers, etc.","9:00 AM to 5:15
PM       Closed on Mondays."
06,Thiruvananthapuram,Kuthiramalika Palace (Puthenmalika Palace Museum),"Built by Maharaja Swathi Thirunal (a poet, musician, and ruler of Travancore).
Famous for its wooden carvings, horse-shaped brackets (122 horses), and Kerala-style
architecture.
Houses rare paintings,
royal artifacts, and traditional furniture.","8:30 AM � 1:00 PM
& 3:00 PM � 5:30
PM (closed on Mondays)."
07,Kollam,Jatayu Earth�s Center (Jatayu Rock),"Huge sculpture of
Jatayu bird, cable car ride, adventure park",10:00 AM � 6:00 PM
08,Kollam,Thenmala Ecotourism,"India�s first planned ecotourism spot, trekking, musical
fountain, boating",9:00 AM � 5:00 PM
09,Kollam,Thangassery Lighthouse,140-year-old lighthouse with sea view,"10:00 AM � 1:00 PM, 2:00 PM �
6:00 PM (Closed
Monday)"
10,Kollam,Ashtamudi Lake,"It is the second-largest lake in Kerala and known as the ""Gateway to the Backwaters"".","10:00 AM � 6:00 PM
Houseboat cruises usually start
around 11:00 AM
and end by 5:00� 6:00 PM."
11,Kollam,Thangassery Lighthouse,"Features the world�s largest bird sculpture
(200 feet long, 150 feet wide, 70 feet tall).
Ropeway, adventure park, paintball,
trekking, and ziplining activities.",10:00 AM � 6:00 PM
12,Alappuzha,Alappuzha Backwaters & Houseboats,"Houseboat cruise, lake views, sunset","11:00 AM � 5:00
PM (day cruise)"
13,Alappuzha,Alappuzha Beach,"Historic pier,
lighthouse, beach walk","Open all day (best
sunrise/sunset)"
14,Alappuzha,Krishnapuram Palace,"Museum with murals &
artefacts","9:00 AM � 5:00 PM
(Closed Monday)"
15,Alappuzha,Vembanad Lake,"The largest lake in
Kerala, famous for boat races (Nehru Trophy Snake Boat Race in August). Ideal for bird
watching and boating",Morning and evening are best. (timing are not fixed)
16,Alappuzha,Krishnapuram Palace,"18th-century palace built by Travancore kings, famous for mural paintings and Kerala
architecture.","9:00 AM � 4:30 PM
(closed on Mondays)."
17,Alappuzha,Ambalappuzha Sri Krishna Temple,"Known as the �Dwaraka of the South�, famous for its deity of Lord Krishna and
Palpayasam (sweet milk pudding) offering.",5:00 AM � 12:00 PM & 5:00 PM � 8:00 PM.
18,Pathanamthitta,Sabarimala Temple,"Famous Ayyappa temple, seasonal pilgrimage","Open during Mand ala/Makaravilakku (Nov�Jan) & 1st� 5th of Malayalam
month"
19,Pathanamthitta,Aranmula Parthasarathy Temple,"Krishna temple, boat race venue, heritage
village","4:00 AM � 11:00 AM & 5:00 PM �
8:00 PM"
20,Pathanamthitta,Perunthenaruvi Waterfalls,Scenic waterfalls & picnic spot,8:00 AM � 6:00 PM
21,Pathanamthitta,Gavi Eco-Tourism,"A beautiful forest destination inside
Periyar Tiger Reserve, perfect for trekking, boating, and wildlife spotting. Ranked among the top eco-
tourism spots in India.","6:00 AM � 4:00 PM
(permit required)."
22,Pathanamthitta,Konni Elephant Training Center,"Famous for elephant safaris, elephant cages (Aanakkoodu), and eco- tourism activities. Great for families and kids",8:00 AM � 6:00 PM.
23,Pathanamthitta,Thriveni Sangamam (Triveni),"A holy bathing spot where devotees
cleanse before going to Sabarimala; confluence
of rivers.",Open all day.
24,Kottayam,Kumarakom Bird Sanctuary,"Birdwatching,
migratory birds, nature
walk",6:30 AM � 5:00 PM
25,Kottayam,Vaikom Mahadeva Temple,Ancient Shiva temple,"4:00 AM � 12:00 PM & 5:00 PM �
8:00 PM"
26,Kottayam,"Illikkal Kallu (Rock Hill
Viewpoint)","Trekking, panoramic
view of Western Ghats",8:00 AM � 5:00 PM
27,Kottayam,"Athirappilly &
Meenmutty Waterfalls","Scenic waterfalls surrounded by lush
greenery. (Athirappilly is technically in Thrissur district but often visited
from Kottayam).",9:00 AM � 5:00 PM.
28,Kottayam,Aruvikkuzhi Waterfalls,"Popular waterfall surrounded by
greenery, ideal for
picnics.",8:00 AM � 5:00 PM.
29,Ernakulam (Kochi),Paradesi Synagogue,"Oldest synagogue in Kerala, artefacts, history","10:00 AM � 12:00 PM & 3:00 PM �
5:00 PM (Closed Fri
& Sat)"
30,Ernakulam (Kochi),Mattancherry Palace,"Murals, palace museum, history","9:45 AM � 1:00 PM
& 2:00 PM � 4:45
PM(closed:fri&sat)"
31,Ernakulam,Fort Kochi,"Historic area with colonial architecture, Chinese fishing nets, and vibrant streets. Ideal for walking tours and photography.",Open all day; best time: morning & evening.
32,Ernakulam,"Marine Drive, Kochi","Popular promenade
with a beautiful view of the backwaters, ideal for evening walks and
photography.",Open all day; best in sunset hours.
33,Ernakulam,Hill Palace Museum,"Largest archaeological museum in Kerala, showcasing royal artifacts, sculptures, and ancient
architecture.","9:00 AM � 5:00 PM
(closed on Fridays)."
34,Ernakulam,Cherai Beach,"Clean, long beach with shallow waters; great for swimming, sunbathing, and
dolphin sightings.",Open all day; best during morning & evening.
35,Ernakulam,Kochi Backwaters,"Houseboat rides through serene
backwaters, villages, and lush greenery; a must-do experience in
Kerala.",Day and overnight cruises available.
36,Idukki,Hill View Park,"Scenic views of dams,
gardens, boating",9:00 AM � 5:00 PM
37,Idukki(vagamon),Vagamon Meadows,"Famous for rolling
green meadows, mist- covered hills, and fresh air. A great spot for
trekking, photography, and paragliding.",8:00 AM � 6:00 PM
38,Idukki(vagamon),Pine Forests,"Tall pine trees arranged like a natural cathedral. Cool, shady place ideal for photography, short walks, and enjoying a calm, serene
atmosphere.",6:00 AM � 6:00 PM
39,Idukki(vagamon),Marmala waterfalls,"Hidden waterfall
surrounded by forest. Best for nature lovers and adventure seekers",6:00 AM � 6:00 PM
40,Idukki(Munnar),Eravikulam National Park,home of the Nilgiri Tahr and Anamudi Peak (highest in South India).,"7:00 AM � 4:00 PM
(Closed Feb�Mar for Nilgiri Tahr breeding season)"
41,Idukki(munnar),Mattupetty Dam & Lake,"boating and scenic
views.",9:30 AM � 5:00 PM
42,Idukki,Marayoor,"Known for natural sandalwood forests, ancient dolmens, and scenic landscapes.",9:00 AM � 5:00 PM.
43,Idukki,Kumily & Periyar Tiger Reserve,"Gateway to Periyar Wildlife Sanctuary with trekking, bamboo rafting, and Periyar
Lake boating.",6:00 AM � 5:00 PM.
44,Idukki,Attukal Waterfalls,"Small scenic waterfall surrounded by hills, ideal for photography and trekking.",8:00 AM � 5:00 PM.
45,idukki,Idukki Arch Dam & Cheruthoni Dam,"Iconic arch dam
surrounded by hills;
great for photography and nature walks.",8:00 AM � 5:00 PM.
46,Thrissur,Guruvayur Sri Krishna Temple,"Major Krishna temple, unique rituals","3:00 AM � 10:00
PM (closed in
afternoon for breaks)"
47,Thrissur,Vadakkunnathan Temple,"Ancient Shiva temple, famous for traditional Kerala architecture and cultural importance.
Hosts the Thrissur Pooram festival.",4:00 AM � 12:00 PM & 5:00 PM � 8:00 PM.
48,Thrissur,Athirappilly Waterfalls,"Known as the �Niagara of India,� surrounded by lush forests and
perfect for nature lovers and
photography.",8:00 AM � 5:00 PM.
49,Thrissur,Chavakkad Beach,"Quiet and clean beach for relaxation, sunset
views, and picnics.","Open all day; best at sunrise and
sunset."
50,Thrissur,Bible Tower,"Tallest church tower in India, offering
panoramic views of
Thrissur city.",9:00 AM � 5:00 PM.
51,Palakkad,Oottukulangara Bhagavathy Temple,"Traditional Devi temple, local festivals","5:00 AM � 10:30 AM & 5:00 PM �
7:00 PM"
52,Palakkad,Palakkad Fort (Tipu Sultan Fort),"Historic fort built by Hyder Ali, later
occupied by Tipu
Sultan. Great for history enthusiasts and
photography.",8:00 AM � 6:00 PM.
53,Palakkad,Malampuzha Dam & Garden,"Scenic dam with a large garden, ropeway,
aquarium, and
recreational facilities. Ideal for family outings and photography.",8:00 AM � 6:00 PM.
54,Palakkad,Attapadi Valley,"Tribal region with scenic landscapes,
trekking trails, and eco- tourism opportunities.",Open all day.
55,Palakkad,Malampuzha Gardens Ropeway,"Offers panoramic views of the dam and
surrounding hills; a fun activity for families and
couples.",10:00 AM � 5:00 PM.
56,Palakkad,Silent Valley National Park,"Pristine rainforest in the Western Ghats, home to endangered species like the Lion- tailed Macaque.
Excellent for trekking, wildlife spotting, and nature lovers.","6:00 AM � 5:00 PM
(permit required)."
57,Palakkad,Nelliyampathy Hills,"Hill station known for tea, coffee, and spice plantations. Offers trekking, scenic
viewpoints",Open all day; best during morning and evening.
58,Malappuram,"Teak Museum, Nilambur",Museum on teak plantations & forestry,"10:00 AM � 4:30
PM (Closed Monday)"
59,Malappuram,Kottakkunnu,Hilltop park & picnic spot,6:00 AM � 6:00 PM
60,Malappuram,Nedumkayam,"Forest reserve,
trekking, nature walks","Morning to
afternoon (Forest Dept. regulated)"
61,Malappuram,Tanur Beach,Scenic beach,"Open all day (best
in daylight)"
62,Malappuram,Adyanpara Waterfalls,"Picturesque waterfall surrounded by lush
greenery. Ideal for trekking and nature photography.",8:00 AM � 5:00 PM.
63,Malappuram,Angadipuram Temple,"Famous for Thirumandhamkunnu Temple, an important cultural and religious site.",5:00 AM � 12:00 PM & 4:00 PM � 7:30 PM.
64,Kozhikode,Kappad Beach,"Historical beach, Vasco
da Gama landing spot","6:00 AM � 10:00
PM"
65,Kozhikode,Sarovaram BioPark,"Mangrove trails,
boating, eco-theme park",9:00 AM � 6:00 PM
66,Kozhikode,Kadalundi Bird Sanctuary,"Bird watching & nature
walks",8:00 AM � 6:00 PM
67,Kozhikode,Tali Temple,"Ancient Hindu temple with Kerala-style
architecture and historic significance.",5:00 AM � 12:00 PM & 5:00 PM � 8:00 PM.
68,Kozhikode,Maniyarkotta Dam,"Picturesque dam with surrounding hills, ideal for nature walks and
photography.",8:00 AM � 5:00 PM.
69,Kozhikode,Vallikkunnu Beach & Fishing Villages,"Quiet beaches and authentic village
experiences along the
Malabar coast.",Open all day.
70,Wayanad,Banasura Sagar Dam,"Largest earthen dam in
India, boating",9:00 AM � 5:00 PM
71,Wayanad,Soochipara Falls,"Scenic waterfalls,
swimming/trekking",9:00 AM � 5:00 PM
72,Wayanad,Pookode Lake,"Freshwater lake,
boating, handicrafts",9:00 AM � 5:00 PM
73,Wayanad,"Wayanad Heritage
Museum","Tribal artefacts &
history",9:00 AM � 5:30 PM
74,Wayanad,Kuruva Island,"River delta with 150 small islands, rich biodiversity, and
walking trails on
wooden bridges.",9:00 AM � 5:00 PM.
75,Wayanad,Tholpetty Wildlife Sanctuary,"Wildlife sanctuary in the northern part of Wayanad with
elephants, tigers, and leopards; safari
opportunities available","6:00 AM � 5:00 PM
(safari timings vary)."
76,Wayanad,Wayanad Wildlife Sanctuary (Muthanga & Tholpetty),"Home to elephants, tigers, leopards, and rich flora; safari and
birdwatching available.",6:00 AM � 5:00 PM.
77,Kannur,St. Angelo Fort,Historical sea fort,8:00 AM � 6:00 PM
78,Kannur,Payyambalam Beach,"Popular urban beach with golden sands, palm-lined walkways,
and sunset views. Ideal for relaxing walks and photography.",Open all day; best in evening.
79,Kannur,Kannur Lighthouse,"Scenic viewpoint of the coastline and harbor; a great spot for
photography.",8:00 AM � 5:00 PM.
80,Kannur,Ezhimala Hills,"Hillock with historical and spiritual
significance; houses a naval academy and
offers trekking trails.",Open all day.
81,Kannur,Dharmadam Island,"Small uninhabited island near Thalassery, accessible during low tide. Ideal for beach walks and nature
photography.",Open all day.
82,Kannur,Parassinikkadavu Snake Park,"Reptile park, cultural spot",9:30 AM � 5:30 PM
83,Kannur,Palakkayam Thattu,"Hill viewpoint, trekking",8:00 AM � 6:00 PM
84,Kasaragod,Bekal Fort,"Iconic sea-facing fort, Bollywood shooting
spot",8:00 AM � 5:30 PM
85,Kasaragod,Chandragiri Fort,Sunset views at river- sea junction,9:00 AM � 5:30 PM
86,Kasaragod,Ananthapura Lake Temple,"Unique lake temple,
original seat of Ananthapadmanabha","5:30 AM � 12:30
PM & 5:30 PM � 7:30 PM"
87,Kasaragod,Bekal Beach,"Clean beach near Bekal Fort, ideal for relaxing walks, swimming, and photography.",Open all day; best at sunset.
88,Kasaragod,Chandragiri Fort,"Historic fort built by the Keladi Nayakas, located at the confluence of the Chandragiri River and the Arabian Sea.",9:00 AM � 5:00 PM.
89,Kasaragod,Kappil Beach,"Quiet beach
surrounded by coconut palms and backwaters. Good for picnics and sunset views.",Open all day.
90,Kasaragod,Kasaragod Backwaters,"Serene canals and
lagoons offering boat rides and scenic views of rural Kerala life.",Morning and evening are best.
